county_code,score
"01005",-0.716
"01023",-0.854
"01035",-0.41
"01051",-0.667
"01065",-0.75
"01109",-0.652
"01113",-0.761
"01117",-0.615
"02016",-0.717
"04015",0.08
"05011",-0.876
"05015",0.472
"05019",-0.876
"05025",-0.851
"05063",-0.765
"05067",-0.808
"05091",-0.824
"05139",-0.849
"06001",1.246
"06003",-0.206
"06023",1.449
"06033",1.436
"06037",0.451
"06057",-0.002
"06081",1.141
"06085",1.145
"06115",0.173
"08013",1.037
"08029",0.335
"08059",1.138
"08091",0.136
"09009",1.089
"11001",1.229
"12009",0.098
"12039",-0.707
"12055",0.117
"12065",-0.738
"12073",-0.738
"12107",-0.099
"12117",0.224
"12123",-0.738
"12133",-0.624
"13009",-0.771
"13013",0.172
"13027",-0.705
"13073",-0.653
"13103",-0.29
"13149",-0.444
"13179",-0.344
"13189",-0.653
"13205",-0.719
"13229",-0.829
"13267",-0.704
"13291",1.283
"13305",-0.698
"13319",-0.752
"15007",0.877
"16015",-0.63
"16025",-0.63
"16033",-0.007
"16039",-0.63
"16041",0.093
"16043",-0.007
"16061",0.264
"16085",-0.167
"17003",-0.67
"17031",0.305
"17043",0.314
"17097",0.509
"17115",-0.466
"17161",5.785
"17197",-0.142
"18027",-0.614
"18061",-0.491
"18123",-0.45
"18147",-0.522
"18157",-0.593
"19041",-0.876
"19045",0.536
"19111",4.686
"19135",-0.018
"20025",-0.876
"20067",-0.876
"20095",-0.849
"20199",-0.876
"21007",-0.567
"21017",-0.539
"21031",-0.751
"21065",-0.458
"21069",-0.67
"21099",-0.703
"21125",-0.526
"21127",-0.774
"21131",-0.676
"21151",-0.539
"21179",-0.491
"21189",-0.39
"21195",-0.876
"21217",-0.747
"21239",-0.611
"22011",-0.659
"22013",-0.837
"22021",-0.876
"22029",-0.876
"22033",-0.579
"22069",-0.677
"22075",-0.542
"22077",-0.616
"22083",-0.876
"22087",-0.542
"22099",-0.616
"23015",6.214
"24003",1.064
"24033",1.041
"24043",0.325
"25011",4.949
"25017",0.744
"26099",1.692
"26135",1.034
"26147",1.585
"26153",-0.656
"27053",-0.149
"27077",-0.688
"27089",-0.778
"27101",-0.838
"27129",-0.537
"27139",0.348
"28007",-0.599
"28105",-0.599
"28143",-0.605
"28163",-0.837
"29023",-0.751
"29029",-0.451
"29031",-0.696
"29033",-0.735
"29157",-0.666
"29189",-0.581
"29199",-0.656
"29207",-0.751
"30013",-0.49
"30015",-0.656
"30023",0.055
"30029",-0.394
"30047",-0.04
"30057",-0.127
"30077",0.098
"30087",-0.75
"30105",-0.876
"31059",-0.735
"31113",-0.809
"31171",-0.809
"34007",0.365
"34013",0.591
"34019",0.674
"34023",0.476
"34041",0.639
"35021",-0.725
"35051",-0.579
"36013",1.004
"36019",6.174
"36029",5.028
"36043",0.192
"36053",2.371
"36065",0.385
"36077",0.356
"36081",0.524
"36115",7.131
"37027",0.846
"37055",2.147
"37059",-0.253
"37069",0.164
"37083",0.397
"37087",1.041
"37093",-0.064
"37111",1.069
"37121",0.789
"37127",0.149
"37155",-0.199
"37175",1.151
"37199",0.976
"38037",-0.876
"38085",-0.876
"38099",-0.799
"38105",-0.823
"39035",0.348
"39039",3.387
"39043",3.141
"39125",3.218
"40065",-0.855
"40079",-0.646
"40145",-0.589
"41005",1.79
"41021",0.628
"41035",1.377
"41039",0.922
"41043",0.709
"41045",-0.487
"41051",1.584
"41055",0.673
"42035",0.645
"42059",0.11
"42063",0.112
"42067",0.975
"42091",0.496
"42111",0.23
"45005",-0.314
"45021",0.106
"45025",-0.608
"45045",0.569
"45049",-0.201
"45053",-0.152
"45063",-0.399
"45091",-0.069
"46093",-0.836
"46095",-0.876
"46103",-0.836
"47005",-0.598
"47013",-0.297
"47019",0.463
"47029",1.032
"47033",-0.673
"47049",-0.588
"47081",-0.722
"47097",-0.759
"47121",1.188
"47149",-0.47
"47159",-0.606
"48007",-0.815
"48025",-0.855
"48035",-0.586
"48067",-0.777
"48083",-0.775
"48091",-0.369
"48103",-0.815
"48139",-0.449
"48151",-0.817
"48167",-0.57
"48213",-0.657
"48241",-0.659
"48245",-0.625
"48261",-0.76
"48333",-0.699
"48347",-0.785
"48361",-0.608
"48371",-0.815
"48403",-0.716
"48427",-0.76
"48457",-0.819
"48469",-0.815
"48471",-0.636
"48475",-0.815
"48477",-0.439
"48479",-0.848
"48499",-0.688
"49001",-0.35
"49003",-0.294
"49025",-0.295
"49029",-0.214
"49035",-0.127
"49043",-0.107
"51001",1.351
"51015",0.102
"51037",6.309
"51053",-0.233
"51069",-0.184
"51109",0.518
"51125",6.717
"51145",0.258
"51161",6.32
"51185",-0.514
"51790",0.102
"53005",0.519
"53007",0.862
"53009",2.16
"53015",1.432
"53037",0.053
"53043",-0.015
"53065",-0.225
"54005",-0.657
"54017",-0.056
"54039",-0.657
"54045",-0.657
"54047",-0.503
"54067",-0.693
"54081",-0.693
"54107",-0.67
"55113",-0.691
"56029",-0.213
"56039",-0.007
"56045",-0.836
"60010",0.422
"60020",0.422
"69100",-0.419
"69110",-0.419
"69120",-0.419
"72023",-0.876
"72037",-0.876
"72039",-0.876
"72053",-0.876
"72113",-0.876
"72115",-0.876
"78010",-0.876
"78020",-0.876
"01049",-0.472
"01069",-0.861
"01087",-0.622
"01091",-0.854
"01095",-0.53
"01101",-0.667
"01115",-0.748
"01119",-0.799
"01121",-0.628
"01131",-0.844
"02105",-0.589
"02240",-0.589
"04005",-0.318
"04009",0.803
"04012",1.641
"04013",1.158
"04027",1.499
"05003",-0.876
"05007",0.388
"05061",-0.757
"05075",-0.808
"05093",-0.781
"05095",-0.851
"05103",-0.876
"05117",-0.808
"05131",-0.694
"05133",-0.757
"05147",-0.74
"06045",1.351
"06051",-0.266
"06065",0.721
"06069",0.71
"06079",0.876
"06083",0.858
"06101",0.342
"06107",0.363
"08019",1.368
"08023",-0.457
"08031",0.738
"08055",0.342
"19027",-0.858
"19075",-0.295
"19137",-0.714
"19157",0.21
"19163",5.814
"20017",-0.518
"20055",-0.876
"20143",-0.577
"21005",-0.55
"21011",-0.508
"21025",-0.585
"21029",-0.491
"21043",-0.774
"21049",-0.539
"21071",-0.809
"21085",-0.711
"21095",-0.657
"21105",-0.536
"21109",-0.534
"21119",-0.691
"21121",-0.488
"21135",-0.703
"21153",-0.809
"21159",-0.774
"21167",-0.611
"21177",-0.747
"21181",-0.618
"21193",-0.648
"21231",-0.648
"22035",-0.859
"22039",-0.541
"22053",-0.61
"22055",-0.616
"22067",-0.876
"22079",-0.716
"22103",-0.542
"22111",-0.876
"22127",-0.716
"23007",6.815
"23017",9.205
"23027",6.6
"23031",4.913
"24001",0.024
"24005",1.159
"24017",1.994
"24021",1.096
"24031",1.158
"24041",0.704
"24045",0.94
"25005",0.94
"25023",0.874
"25025",0.987
"26033",-0.728
"26063",1.498
"26083",-0.626
"26097",-0.728
"26115",3.662
"08093",1.182
"08105",0.299
"08113",0.136
"09001",0.954
"09007",1.133
"10005",-0.012
"12001",-0.293
"12017",-0.088
"12033",-0.357
"12041",-0.477
"12047",-0.755
"12071",0.085
"12086",0.096
"12093",0.158
"12097",0.126
"13021",-0.752
"13029",-0.344
"13039",-0.611
"13051",-0.29
"13077",-0.394
"13133",-0.059
"13137",1.403
"13143",-0.305
"13157",0.005
"13163",-0.748
"13171",-0.46
"13181",-0.653
"13185",-0.78
"13195",-0.004
"13221",-0.142
"13237",-0.051
"13245",-0.71
"13251",-0.254
"13269",-0.762
"13283",-0.804
"51007",0.188
"13303",-0.806
"13309",-0.846
"13313",-0.264
"13317",-0.045
"15001",1.292
"16005",-0.108
"16073",-0.507
"16077",-0.021
"16081",-0.007
"16083",-0.298
"17017",-0.48
"17027",-0.689
"17047",-0.733
"17109",4.899
"17129",-0.399
"17175",4.905
"17185",-0.733
"18009",-0.468
"18035",-0.518
"18067",-0.407
"18083",-0.632
"18159",-0.407
"18179",-0.486
"35055",-0.595
"36025",0.543
"36105",0.786
"36119",0.877
"36123",7.143
"37013",2.158
"37017",0.102
"37023",0.916
"37057",0.069
"37061",0.093
"37065",2.555
"37075",2.511
"37085",0.275
"37089",0.44
"37119",-0.253
"37129",-0.017
"37133",2.177
"37137",2.019
"37143",-0.035
"37149",0.545
"37153",0.063
"37161",1.205
"37167",-0.373
"38005",-0.799
"38033",-0.876
"38053",-0.823
"38059",-0.876
"38067",-0.799
"38071",-0.799
"38077",-0.854
"39061",0.4
"39095",3.335
"39137",3.934
"39175",3.926
"40013",-0.659
"40027",-0.643
"40057",-0.876
"40067",-0.808
"40075",-0.754
"40087",-0.643
"40095",-0.659
"40125",-0.643
"40135",-0.563
"27011",-0.876
"27027",-0.854
"27031",-0.529
"27061",-0.707
"27073",-0.876
"27075",-0.577
"27085",-0.155
"27097",-0.677
"27127",-0.722
"27171",-0.172
"28011",-0.876
"28029",-0.782
"28039",-0.556
"28055",-0.859
"28083",-0.876
"28087",-0.544
"28103",-0.522
"28121",-0.782
"28141",-0.776
"28149",-0.782
"28151",-0.876
"29041",-0.703
"29069",-0.808
"29099",-0.581
"29113",-0.611
"29159",-0.612
"29183",-0.581
"29195",-0.612
"29201",-0.726
"30011",-0.876
"30027",-0.707
"30031",-0.586
"30045",-0.364
"30049",-0.069
"30055",-0.876
"30059",-0.49
"30073",-0.423
"30085",-0.876
"30099",-0.423
"31069",-0.831
"31103",-0.876
"31151",-0.789
"32001",-0.122
"32015",-0.435
"32027",-0.197
"33007",7.047
"33015",4.181
"33017",4.859
"34001",0.365
"34015",0.268
"34021",0.525
"34029",0.232
"35031",-0.495
"35039",-0.495
"48425",-0.604
"48443",-0.773
"48449",-0.61
"48453",-0.338
"48459",-0.76
"48473",-0.518
"48491",-0.204
"49045",-0.127
"49047",0.208
"49051",0.065
"50017",9.319
"51003",0.286
"51009",6.232
"51017",5.946
"51023",6.133
"51033",1.088
"51047",-0.015
"51073",0.417
"51077",-0.157
"51095",0.341
"51097",1.322
"51107",1.061
"51111",-0.092
"51121",-0.084
"51127",0.417
"51139",0.055
"51163",5.909
"51175",0.155
"51179",1.698
"51191",0.263
"51195",-0.632
"53049",1.612
"53057",1.01
"53061",1.01
"53077",0.807
"54003",0.275
"54007",-0.685
"54019",-0.693
"54027",-0.172
"54037",0.309
"54041",-0.157
"54043",-0.713
"54057",-0.192
"54065",0.16
"54071",-0.501
"54075",-0.693
"54093",-0.263
"54099",-0.774
"55007",-0.659
"55023",0.961
"55051",-0.64
"55057",1.515
"55107",-0.62
"55121",0.182
"56003",-0.669
"56013",-0.633
"01041",-0.736
"01071",-0.366
"02100",-0.589
"04001",-0.255
"05001",-0.851
"05017",-0.876
"05029",-0.684
"05041",-0.876
"05145",-0.808
"06007",0.459
"06095",1.1
"08035",0.859
"08051",0.766
"12079",-0.738
"12125",-0.442
"13001",-0.791
"13049",-0.695
"13079",-0.752
"13107",-0.743
"41007",1.515
"41017",0.37
"41019",1.298
"42003",-0.11
"42033",-0.046
"42041",0.37
"42045",0.491
"42051",0.483
"42061",0.336
"42071",0.487
"42089",0.962
"42099",0.422
"42127",0.452
"42133",0.615
"44009",0.874
"45003",-0.565
"45007",-0.124
"45017",-0.592
"45035",-0.05
"45041",-0.369
"45051",-0.232
"45055",-0.52
"45069",-0.324
"45073",0.336
"45079",-0.617
"45083",0.278
"46009",-0.333
"46041",-0.876
"46057",-0.876
"46075",-0.876
"46127",-0.259
"47003",-0.384
"47021",-0.516
"47031",-0.421
"47035",-0.689
"47037",-0.483
"47059",-0.232
"47065",-0.39
"47089",0.513
"47107",1.26
"47123",2.343
"47127",-0.48
"47143",-0.448
"47155",0.505
"47157",-0.537
"47165",-0.441
"47185",-0.59
"47189",-0.47
"48005",-0.876
"48029",-0.523
"48033",-0.819
"48037",-0.69
"48051",-0.336
"48061",-0.76
"48087",-0.876
"48105",-0.773
"48119",-0.669
"48185",-0.593
"48211",-0.876
"48223",-0.625
"48225",-0.653
"48229",-0.756
"48239",-0.74
"48263",-0.85
"48311",-0.814
"48315",-0.733
"48321",-0.657
"48339",-0.542
"48349",-0.626
"48373",-0.757
"48377",-0.774
"48383",-0.773
"48407",-0.594
"55001",1.505
"55029",0.156
"56025",-0.839
"72097",-0.876
"72141",-0.876
"72151",-0.876
"02195",0.454
"05081",-0.757
"06009",0.331
"08097",1.048
"13127",-0.593
"16049",0.205
"18125",-0.707
"21055",-0.765
"22017",-0.777
"29019",-0.703
"30005",-0.833
"36063",7.067
"40089",-0.701
"41023",0.209
"44005",0.832
"46117",-0.876
"47091",0.416
"48313",-0.668
"51117",-0.211
"53027",2.003
"54059",-0.713
"02170",-0.717
"20071",-0.876
"21067",-0.539
"22043",-0.716
"08057",0.636
"10001",0.141
"12075",-0.332
"13075",-0.762
"37051",0.24
"37139",-0.169
"27103",-0.447
"28089",-0.837
"30007",-0.299
"30093",0.055
"51087",0.058
"51199",0.316
"54095",-0.056
"42031",0.398
"42113",0.709
"45061",-0.626
"47045",-0.854
"48343",-0.704
"01025",-0.586
"01047",-0.736
"05073",-0.824
"06011",0.887
"06053",0.781
"06099",0.732
"08111",-0.195
"12045",-0.518
"12121",-0.633
"13261",-0.839
"13311",1.403
"16029",-0.027
"16079",-0.012
"18021",-0.538
"18175",-0.055
"19035",-0.84
"20033",-0.876
"20149",-0.486
"21027",-0.413
"21147",-0.577
"22005",-0.516
"22025",-0.876
"22037",-0.542
"22109",-0.38
"22123",-0.876
"24029",0.272
"24047",0.877
"25027",3.067
"26089",-0.29
"26141",-0.44
"27173",-0.876
"28057",-0.776
"28109",-0.619
"29027",-0.651
"30033",-0.75
"30063",-0.069
"31007",-0.725
"32031",-0.027
"34031",0.637
"35017",0.591
"36009",4.84
"36061",0.584
"37015",1.985
"37101",0.268
"37125",0.232
"37131",0.658
"38097",-0.778
"40003",-0.792
"40113",-0.646
"40133",-0.743
"41015",1.634
"42101",0.427
"45027",-0.338
"45047",-0.359
"45057",-0.545
"45087",-0.221
"47025",-0.338
"47053",-0.673
"47079",-0.534
"47105",2.012
"48089",-0.513
"48135",-0.815
"48175",-0.855
"48323",-0.81
"48379",-0.588
"48391",-0.815
"48411",-0.702
"49007",-0.007
"49019",-0.459
"51029",0.23
"51061",0.686
"51141",0.054
"51167",-0.566
"51193",1.257
"53045",2.081
"53073",1.01
"54025",-0.496
"12029",-0.541
"12057",-0.088
"12089",-0.47
"13025",-0.694
"13201",-0.737
"13265",-0.087
"13289",-0.752
"16059",-0.521
"16087",-0.521
"18053",-0.572
"36017",2.162
"37019",0.045
"37047",0.175
"37147",2.428
"37173",2.878
"39167",-0.153
"40023",-0.654
"27051",-0.784
"27137",-0.707
"28021",-0.782
"28053",-0.859
"28137",-0.605
"30003",-0.75
"30061",0.342
"30089",0.16
"31009",-0.762
"32003",0.167
"32033",-0.275
"34035",0.606
"50027",9.339
"51027",-0.831
"51057",1.241
"51119",1.216
"51149",-0.059
"53067",1.646
"54109",-0.481
"05057",-0.757
"06071",0.541
"10003",0.284
"41003",2.011
"42055",0.209
"44007",0.832
"45031",-0.408
"45065",-0.475
"47055",-0.463
"47117",-0.384
"47147",-0.441
"48015",-0.468
"48043",-0.815
"48071",-0.595
"48173",-0.773
"48277",-0.55
"48301",-0.815
"48387",-0.701
"21203",-0.515
"30009",-0.502
"01033",-0.723
"02050",-0.717
"04007",1.034
"05039",-0.851
"06015",1.587
"08043",0.73
"08107",1.254
"12013",-0.564
"12069",0.105
"12103",-0.088
"12129",-0.721
"13033",-0.639
"16003",-0.521
"16035",0.3
"17153",-0.585
"18071",0.425
"18113",-0.259
"21003",-0.656
"21107",-0.707
"21235",-0.459
"13215",-0.761
"13263",-0.831
"13301",-0.748
"16013",-0.226
"16031",-0.235
"17125",-0.344
"18007",-0.577
"18051",-0.707
"20083",-0.846
"20203",-0.876
"21079",-0.494
"21123",-0.725
"21209",-0.618
"22065",-0.859
"22105",-0.429
"23025",6.985
"24037",1.348
"29227",-0.876
"30043",0.055
"30081",-0.153
"33009",6.216
"34027",0.531
"36075",2.393
"37145",0.283
"37193",0.819
"39021",0.927
"40141",-0.855
"41031",1.064
"41047",1.868
"45029",-0.03
"45071",-0.301
"46085",-0.876
"47057",0.473
"47145",-0.239
"47183",-0.515
"48041",-0.607
"48079",-0.85
"48419",-0.631
"48495",-0.815
"49023",-0.199
"51021",-0.329
"51103",1.199
"51157",-0.032
"53019",-0.102
"53075",-0.158
"54083",-0.716
"55011",0.154
"56033",-0.75
"60050",0.422
"72031",-0.876
"78030",-0.876
"01073",-0.693
"01129",-0.59
"02122",-0.717
"02290",-0.717
"04025",1.183
"06063",0.031
"06089",1.189
"08005",0.738
"20133",-0.853
"20161",-0.545
"21033",-0.717
"21097",-0.436
"21133",-0.758
"21187",-0.144
"22045",-0.616
"22073",-0.876
"24011",0.136
"48455",-0.698
"49033",-0.214
"51019",6.176
"51067",6.32
"51105",-0.618
"51143",6.277
"53071",0.668
"54033",0.058
"55037",-0.493
"55075",0.219
"01099",-0.5
"08027",0.417
"12113",-0.308
"42017",0.724
"46023",-0.876
"47093",0.368
"47167",-0.759
"48023",-0.855
"48057",-0.749
"48201",-0.437
"48401",-0.773
"72121",-0.876
"12083",-0.09
"35029",0.465
"06093",1.488
"23003",6.745
"12105",0.134
"20093",-0.876
"22107",-0.804
"26055",-0.124
"36111",1.359
"37183",0.593
"42129",0.3
"51059",1.127
"01013",-0.736
"01015",-0.67
"22057",-0.412
"24023",-0.05
"26071",-0.626
"27067",-0.538
"27167",-0.854
"28051",-0.854
"29013",-0.7
"29037",-0.365
"30053",-0.102
"35033",-0.595
"38003",-0.778
"40055",-0.876
"40117",-0.535
"42043",1.062
"42097",0.726
"45015",-0.059
"45067",-0.302
"47009",1.813
"47129",-0.461
"47187",-0.443
"48157",-0.479
"48207",-0.817
"48327",-0.808
"49017",-0.199
"51093",0.713
"53021",0.625
"69085",-0.419
"72147",-0.876
"01059",-0.723
"02020",-0.717
"04021",1.061
"05069",-0.808
"05107",-0.876
"06041",1.187
"06077",1.163
"08001",0.738
"19081",-0.876
"21101",-0.707
"21183",-0.665
"21221",-0.509
"22059",-0.876
"23023",6.34
"26029",-0.29
"08117",1.485
"12007",-0.416
"13031",-0.413
"13113",-0.335
"13151",-0.36
"13191",-0.413
"17189",-0.662
"18145",0.125
"36113",7.941
"37031",2.046
"37113",2.787
"38035",-0.778
"39123",3.265
"40101",-0.589
"27069",-0.799
"27107",-0.778
"27145",-0.41
"28049",-0.782
"29171",-0.876
"30075",-0.75
"32011",-0.463
"34033",0.348
"02220",0.408
"02261",-0.589
"04011",0.68
"04023",0.925
"05005",-0.627
"05009",-0.45
"05043",-0.876
"05049",-0.876
"05053",-0.808
"05077",-0.849
"01017",-0.611
"01021",-0.633
"01027",-0.558
"01029",-0.67
"01037",-0.57
"01039",-0.493
"01061",-0.624
"01075",-0.544
"01093",-0.691
"01103",-0.612
"01133",-0.556
"02070",-0.717
"02110",0.262
"02150",-0.717
"08021",-0.442
"08039",0.623
"08073",-0.446
"08083",-0.583
"08101",0.494
"08121",-0.589
"08125",-0.876
"09005",1.47
"09013",1.131
"05101",-0.432
"05105",-0.684
"05115",-0.477
"05129",-0.626
"05135",-0.808
"06013",1.146
"06021",1.192
"06025",1.818
"06061",0
"06031",0.578
"06035",0.983
"06109",-0.026
"06075",1.06
"08003",0.199
"08015",0.779
"13063",-0.296
"13069",-0.813
"13083",-0.354
"13093",-0.806
"13111",1.492
"13117",-0.406
"12035",-0.017
"12059",-0.624
"12087",0.049
"12109",-0.192
"12111",0.158
"12115",0.073
"13003",-0.78
"13023",-0.752
"13037",-0.843
"13053",-0.761
"13059",0.014
"16019",-0.101
"16023",-0.255
"16027",-0.523
"16037",-0.456
"16045",-0.611
"16051",-0.174
"16065",-0.174
"16075",-0.611
"17005",-0.718
"17011",-0.314
"13145",-0.761
"13159",-0.117
"13169",-0.694
"13197",-0.831
"13233",-0.512
"13239",-0.831
"13243",-0.813
"13257",0.058
"13287",-0.795
"13295",-0.394
"15003",1.034
"16009",-0.245
"17145",-0.609
"17149",-0.498
"17159",-0.876
"17173",-0.651
"17177",0.471
"17183",-0.418
"17187",4.789
"18003",-0.383
"18031",0.356
"18037",-0.522
"18041",0.155
"18055",-0.655
"18065",-0.609
"18075",-0.552
"17015",0.682
"17021",-0.435
"17029",-0.49
"17053",-0.453
"17059",-0.793
"17063",-0.32
"17067",4.962
"17073",5.848
"17091",-0.339
"17107",-0.265
"17121",-0.789
"17131",5.888
"17135",-0.742
"18143",0.527
"18171",-0.422
"18177",-0.489
"18181",-0.543
"19001",-0.81
"19007",-0.487
"19017",-0.829
"19025",-0.876
"19049",-0.516
"19055",0.655
"19073",-0.685
"19079",-0.685
"19083",-0.247
"18085",-0.376
"18091",-0.309
"18095",-0.509
"18097",-0.46
"18099",-0.39
"18101",-0.614
"18109",-0.375
"18111",-0.496
"18115",0.703
"18119",-0.608
"18121",-0.336
"18129",-0.707
"18133",-0.224
"20087",-0.342
"20089",-0.876
"20091",-0.29
"20097",-0.876
"20101",-0.846
"20105",-0.801
"20109",-0.876
"20111",-0.486
"20113",-0.603
"20125",-0.784
"20131",-0.698
"19097",1.029
"19103",0.978
"19117",-0.659
"19127",-0.078
"19131",-0.314
"19141",-0.533
"19159",-0.876
"19165",-0.714
"19169",-0.095
"19175",-0.876
"19189",-0.336
"20001",-0.876
"20009",-0.801
"20015",-0.849
"20029",-0.577
"20043",-0.569
"20049",-0.849
"20053",-0.801
"20057",-0.876
"20063",-0.846
"20073",-0.849
"20077",-0.792
"20085",-0.211
"37179",-0.587
"37189",0.747
"21227",-0.777
"22003",-0.669
"28091",-0.702
"28095",-0.599
"28115",-0.355
"31065",-0.762
"31071",-0.828
"31081",-0.774
"38007",-0.876
"38023",-0.823
"38027",-0.799
"38045",-0.854
"38051",-0.876
"22023",-0.61
"22031",-0.791
"22041",-0.876
"28129",-0.798
"28133",-0.876
"28153",-0.752
"28159",-0.577
"28161",-0.632
"31089",-0.876
"31095",-0.736
"31109",-0.589
"38061",-0.823
"38065",-0.823
"22047",-0.548
"22071",-0.542
"22081",-0.677
"22095",-0.429
"22119",-0.837
"29001",-0.876
"29005",-0.876
"29009",0.37
"31119",-0.819
"31123",-0.814
"31133",-0.736
"31137",-0.708
"38089",-0.876
"38095",-0.747
"38101",-0.823
"38103",-0.876
"23011",6.6
"23021",6.928
"24009",1.694
"24019",1.111
"25003",4.36
"29011",0.01
"29017",-0.722
"29021",-0.477
"31153",-0.571
"31161",-0.831
"31167",-0.819
"39001",-0.615
"39007",0.579
"39009",-0.584
"25007",0.976
"25021",0.874
"26017",1.432
"26023",0.466
"26027",0.325
"29035",-0.876
"29047",-0.321
"29061",-0.783
"29067",-0.555
"31177",-0.536
"32009",-0.377
"32013",-0.294
"39019",-0.154
"39025",-0.237
"39053",-0.634
"26037",1.941
"26051",1.464
"26061",-0.626
"29077",0.376
"29081",-0.876
"29085",-0.496
"32023",-0.426
"32510",-0.233
"33003",6.851
"39131",-0.79
"39135",-0.362
"39155",0.281
"39159",5.473
"26065",0.457
"26075",0.767
"26079",-0.29
"26095",-0.656
"26119",-0.44
"29105",-0.459
"29109",0.313
"29119",0.263
"33013",8.825
"34037",0.776
"39013",-0.019
"39017",0.538
"26131",-0.626
"26133",-0.053
"26143",1.498
"26149",0.518
"29125",-0.443
"29133",-0.726
"29149",-0.876
"35003",-0.497
"35037",-0.849
"35047",-0.595
"39067",-0.055
"39097",0.924
"39107",0.322
"39121",-0.074
"26155",1.747
"26159",0.533
"26165",-0.069
"27001",-0.64
"29167",0.265
"29173",-0.717
"29177",-0.376
"35057",-0.595
"35061",-0.595
"36033",4.935
"36051",7.215
"39073",-0.447
"39077",4.503
"39083",1.382
"39091",4.199
"27005",-0.854
"27019",-0.195
"27029",-0.876
"29203",-0.683
"29223",-0.751
"29510",-0.581
"30019",-0.876
"36057",1.71
"36067",2.464
"36069",7.156
"20159",-0.774
"20169",-0.577
"20175",-0.876
"20183",-0.876
"20189",-0.876
"20193",-0.876
"27033",-0.807
"27043",-0.336
"27071",-0.764
"30067",-0.502
"30095",-0.502
"30101",-0.423
"36073",7.316
"36079",1.073
"36097",6.344
"21013",-0.503
"21021",-0.639
"21041",0.382
"27081",-0.838
"27091",-0.807
"27095",-0.443
"27109",-0.149
"27125",-0.778
"31003",-0.876
"31023",-0.589
"31029",-0.876
"31031",-0.876
"36107",6.118
"36121",6.979
"37141",0.164
"21045",-0.721
"21075",-0.536
"21083",-0.536
"27133",-0.531
"27153",-0.717
"27157",0.073
"28013",-0.355
"31035",-0.774
"31037",-0.668
"31039",-0.719
"31041",-0.708
"37001",0.145
"37007",-0.404
"21103",-0.356
"21113",-0.539
"21141",-0.709
"28023",-0.836
"28037",-0.804
"28041",-0.642
"31047",-0.708
"31051",-0.297
"37025",-0.108
"37035",0.875
"21137",-0.6
"21171",-0.8
"28047",-0.504
"28067",-0.836
"31053",-0.589
"31055",-0.571
"37097",-0.114
"37169",-0.256
"21199",-0.641
"21213",-0.565
"28071",-0.632
"28075",-0.854
"28085",-0.782
"72015",-0.876
"72019",-0.876
"41011",1.56
"41025",0.333
"47139",1.561
"47153",-0.343
"51075",0.389
"72021",-0.876
"72025",-0.876
"41027",0.189
"41049",0.172
"47169",-0.531
"47177",-0.403
"48017",-0.85
"51079",0.375
"51135",-0.5
"72027",-0.876
"72029",-0.876
"41059",0.34
"42001",0.595
"48045",-0.823
"48049",-0.817
"48069",-0.823
"48093",-0.71
"51197",-0.434
"51540",0.331
"51570",0.058
"72035",-0.876
"72067",-0.876
"42011",1.176
"42019",-0.122
"42053",0.257
"48097",-0.572
"48107",-0.85
"48113",-0.436
"51610",1.143
"51630",1.329
"51685",0.876
"51720",-0.632
"51740",0.027
"72069",-0.876
"72079",-0.876
"42073",0.188
"42083",4.053
"42105",6.157
"42115",2.8
"42121",0.271
"48127",-0.835
"48131",-0.785
"48143",-0.725
"48145",-0.51
"48149",-0.296
"48161",-0.614
"48163",-0.778
"51810",-0.31
"51830",0.258
"53013",0.642
"53029",0.954
"53035",0.857
"53041",1.565
"72041",-0.876
"72043",-0.876
"44001",0.832
"45001",-0.367
"48165",-0.789
"48179",-0.849
"48183",-0.773
"48189",-0.85
"48221",-0.553
"53051",-0.238
"53059",1.482
"54011",-0.818
"54015",-0.693
"72047",-0.876
"72049",-0.876
"45039",-0.296
"48227",-0.815
"48231",-0.531
"48251",-0.449
"54049",0.226
"54073",-0.107
"72055",-0.876
"72059",-0.876
"45081",-0.413
"46005",-0.876
"46011",-0.838
"48275",-0.855
"48279",-0.85
"48285",-0.702
"48303",-0.85
"54097",-0.673
"54101",-0.707
"55005",-0.44
"72061",-0.876
"72063",-0.876
"46015",-0.876
"46035",-0.838
"46039",-0.876
"46049",-0.876
"48309",-0.557
"48337",-0.629
"48355",-0.792
"55015",0.606
"55021",0.747
"55025",0.94
"20141",-0.846
"39163",-0.499
"39169",1.242
"40007",-0.876
"46059",-0.876
"46063",-0.876
"46073",-0.876
"46077",-0.838
"46087",-0.295
"48365",-0.746
"48385",-0.817
"48399",-0.775
"48423",-0.785
"55039",0.685
"55059",0.627
"55067",0.21
"40017",-0.586
"40021",-0.41
"46089",-0.876
"46097",-0.531
"46099",-0.295
"46107",-0.876
"48441",-0.775
"48451",-0.775
"48481",-0.612
"48485",-0.855
"55073",0.252
"55077",1.134
"55085",-0.695
"55089",0.525
"40031",-0.676
"40035",-0.569
"40041",-0.574
"46109",-0.876
"46111",-0.876
"46121",-0.876
"48489",-0.76
"48497",-0.485
"48507",-0.778
"55105",0.466
"55119",-0.632
"55123",0.891
"40045",-0.876
"40069",-0.828
"40093",-0.718
"46125",-0.295
"47039",-0.574
"49009",0.268
"49021",-0.215
"49027",-0.38
"50009",5.908
"55127",0.597
"56001",-0.127
"56005",-0.836
"56015",-0.584
"40103",-0.602
"40107",-0.606
"47043",-0.479
"50019",6.69
"50025",7.893
"56019",-0.75
"56041",-0.194
"56043",-0.669
"60030",0.422
"40121",-0.8
"40127",-0.715
"47087",-0.63
"47101",-0.657
"51011",6.539
"51025",0.074
"51153",0.922
"51181",0.303
"60040",0.422
"72001",-0.876
"72005",-0.876
"40131",-0.646
"40151",-0.819
"47115",-0.445
"47125",-0.493
"51043",0.23
"51049",0.344
"72007",-0.876
"72009",-0.876
"72011",-0.876
"13035",-0.396
"13055",-0.411
"72133",-0.876
"72135",-0.876
"72137",-0.876
"08047",1.411
"19015",-0.685
"19019",0.655
"19033",-0.858
"21129",-0.551
"21143",-0.536
"13057",-0.29
"13065",-0.726
"72139",-0.876
"72145",-0.876
"72149",-0.876
"19039",-0.659
"19043",0.606
"19051",-0.487
"19053",-0.707
"21149",-0.707
"21173",-0.472
"13067",-0.184
"13081",-0.806
"16021",-0.293
"21093",-0.491
"72153",-0.876
"01053",-0.357
"19057",5.924
"19071",-0.628
"19077",-0.685
"21201",-0.321
"21211",-0.582
"13085",0.049
"13089",-0.179
"22001",-0.505
"22085",-0.704
"26109",-0.53
"01057",-0.772
"01067",-0.861
"19085",-0.622
"19091",-0.876
"19095",1.079
"19099",-0.095
"21225",-0.707
"22049",-0.849
"13095",-0.824
"13099",-0.843
"01077",-0.723
"01083",-0.627
"19119",-0.295
"19129",-0.628
"22089",-0.429
"22121",-0.548
"23019",6.928
"13101",-0.726
"13109",-0.413
"12023",-0.54
"26103",-0.626
"47063",-0.079
"01111",-0.457
"01125",-0.772
"02013",-0.717
"19133",-0.701
"19149",-0.297
"25013",4.463
"26001",0.886
"13115",-0.353
"13123",1.529
"02060",-0.717
"02068",-0.717
"02188",-0.717
"02230",-0.589
"02275",0.555
"19153",-0.095
"19167",-0.259
"19171",-0.01
"26005",0.262
"26009",-0.29
"13125",-0.748
"13129",-0.279
"04003",0.844
"04017",-0.183
"05021",-0.808
"05023",-0.808
"19177",4.686
"19181",-0.095
"19185",-0.707
"19187",-0.685
"06019",0.203
"08077",-0.09
"12095",0.146
"26011",1.056
"26021",0.104
"13161",-0.846
"13167",-0.876
"05031",-0.781
"05037",-0.781
"05047",-0.432
"20021",-0.056
"20023",-0.876
"20027",-0.577
"20035",-0.849
"12119",-0.027
"13183",-0.611
"26043",-0.626
"26049",1.679
"13177",-0.824
"54001",0.305
"21205",-0.67
"53047",0.113
"21165",-0.59
"12031",-0.443
"05051",-0.808
"05055",-0.808
"20041",-0.577
"20177",-0.22
"26081",0.264
"27007",-0.876
"08089",-0.673
"72083",-0.876
"72085",-0.876
"05065",-0.833
"05071",-0.39
"20197",-0.336
"20209",-0.29
"09003",1.504
"09015",1.024
"72089",-0.876
"72093",-0.876
"05079",-0.851
"05083",-0.694
"21015",0.703
"21019",-0.774
"12011",0.096
"12015",0.106
"72095",-0.876
"72101",-0.876
"05089",-0.627
"05123",-0.781
"21039",-0.717
"12021",0.049
"12063",-0.564
"72103",-0.876
"72105",-0.876
"05127",-0.646
"05137",-0.833
"21047",-0.715
"21077",0.568
"12067",-0.527
"12081",0.036
"72111",-0.876
"72117",-0.876
"05141",-0.808
"06049",1.258
"06087",1.188
"06103",1.629
"06111",0.609
"08009",-0.808
"08011",-0.673
"21081",-0.424
"21087",-0.778
"12099",0.096
"13011",0.529
"72123",-0.876
"72129",-0.876
"01001",-0.736
"02130",0.555
"08014",0.876
"08017",-0.808
"08041",0.865
"37185",-0.138
"37187",2.11
"21035",-0.509
"21053",-0.845
"21073",-0.757
"21169",-0.8
"16067",-0.314
"16071",-0.092
"18077",0.315
"18127",-0.268
"18131",-0.389
"18139",0.129
"37191",2.226
"38001",-0.876
"21191",-0.424
"21207",-0.845
"21219",-0.709
"22093",-0.412
"17009",4.759
"17013",-0.34
"18141",-0.162
"18149",-0.345
"18155",0.542
"38009",-0.823
"38011",-0.876
"38015",-0.876
"23009",6.713
"24015",0.368
"24025",0.439
"24035",0.54
"25001",0.874
"25009",1.444
"26015",0.422
"26025",0.582
"26035",1.43
"17019",-0.484
"17023",-0.597
"17033",-0.597
"18163",-0.707
"18165",-0.261
"18169",-0.551
"38019",-0.799
"39071",-0.244
"39079",-0.549
"26039",-0.198
"26059",0.439
"26067",0.413
"26073",1.46
"26087",1.626
"17037",0.264
"17045",-0.464
"17051",-0.699
"18173",-0.707
"19003",-0.858
"19009",-0.858
"19013",-0.408
"39085",0.34
"39089",1.365
"39099",0.344
"26091",0.495
"26093",0.649
"26101",-0.053
"26117",-0.066
"17055",-0.82
"17061",-0.353
"35049",-0.595
"35059",-0.781
"36003",6.72
"38021",-0.854
"38039",-0.778
"38043",-0.876
"38047",-0.876
"26121",0.223
"08061",-0.719
"08075",-0.681
"08081",0.341
"17069",-0.739
"17071",4.907
"17079",-0.653
"17081",-0.79
"36007",2.265
"36011",6.438
"38049",-0.823
"38063",-0.778
"38081",-0.854
"38087",-0.876
"08085",0.136
"08099",-0.808
"08103",0.199
"08109",0.517
"08119",0.658
"12027",0.115
"17093",-0.144
"17095",4.789
"17099",-0.245
"36015",6.159
"36021",1.915
"39027",-0.134
"39031",0.959
"39033",5.519
"39037",0.459
"12051",0.049
"12061",0.078
"13015",-0.469
"13043",-0.704
"17103",-0.226
"17105",-0.366
"17123",-0.404
"36027",1.516
"36039",1.981
"39041",2.028
"39057",0.968
"39065",4.084
"39069",3.297
"13047",-0.322
"13187",1.452
"17127",-0.739
"17137",-0.547
"17141",-0.032
"36041",1.286
"36093",4.932
"72081",-0.876
"19023",-0.715
"19063",-0.807
"19067",-0.858
"19101",5.146
"13199",-0.511
"13207",-0.46
"27023",-0.699
"28157",-0.673
"29143",-0.751
"17147",-0.466
"17151",-0.739
"17157",-0.502
"17165",-0.795
"36095",1.02
"36099",7.231
"19105",0.722
"19109",-0.807
"19113",0.789
"19139",6.034
"19143",-0.531
"13211",0.095
"13225",-0.752
"30039",0.055
"35007",-0.596
"36091",5.145
"17167",-0.553
"17179",-0.344
"36109",6.33
"37003",0.672
"19191",-0.084
"19195",-0.245
"20007",-0.792
"20013",-0.601
"20047",-0.846
"13235",-0.806
"13249",-0.813
"13255",-0.38
"17181",-0.67
"17191",-0.819
"17195",0.616
"37005",-0.296
"37033",-0.02
"20051",-0.846
"20059",-0.434
"20065",-0.846
"20069",-0.876
"20119",-0.876
"20123",-0.801
"13259",-0.761
"13273",-0.857
"17203",-0.389
"18001",-0.493
"18005",0.476
"18015",-0.593
"37037",0.163
"37041",2.028
"37123",-0.045
"37163",0.145
"20127",-0.545
"20129",-0.876
"20137",-0.846
"20139",-0.305
"20147",-0.846
"13285",-0.464
"13293",-0.546
"18019",-0.134
"18023",-0.494
"18033",0.054
"37117",2.044
"37071",-0.112
"37081",-0.045
"20151",-0.849
"20157",-0.822
"20163",-0.846
"20167",-0.801
"20173",-0.804
"13297",0.161
"15005",1.292
"18039",-0.062
"18043",-0.076
"18045",-0.322
"37171",-0.263
"40073",-0.586
"42005",0.117
"45043",-0.142
"47041",-0.495
"48055",-0.394
"48155",-0.855
"20181",-0.876
"20185",-0.846
"20201",-0.621
"20205",-0.876
"21001",-0.811
"16001",-0.63
"16057",-0.198
"16063",-0.368
"18049",-0.466
"18057",-0.391
"18059",-0.509
"18069",-0.486
"18073",-0.465
"37177",2.168
"37181",0.003
"12019",-0.381
"12101",0.035
"40081",-0.524
"40085",-0.714
"29117",-0.876
"29141",-0.438
"29145",0.37
"51045",6.192
"51071",-0.197
"13193",-0.806
"40153",-0.819
"40091",-0.646
"40105",-0.646
"40111",-0.646
"29147",-0.783
"29165",-0.373
"06073",0.716
"21115",-0.809
"21229",-0.632
"51115",0.163
"51169",-0.632
"41009",1.515
"41071",1.79
"40115",0.091
"40119",-0.432
"29219",-0.668
"30065",-0.75
"51173",-0.415
"51550",0.108
"42007",0.285
"42009",0.188
"40123",-0.743
"40129",-0.876
"30103",-0.75
"30107",-0.364
"51680",6.047
"51710",0.027
"42013",0.055
"42021",0.189
"40143",-0.646
"40149",-0.775
"31015",-0.876
"51770",6.32
"51800",0.108
"42037",0.757
"42065",0.287
"27035",-0.717
"27045",-0.266
"31019",-0.708
"31021",-0.622
"53001",0.117
"53063",-0.245
"42069",0.929
"42079",0.984
"27049",0.128
"27055",0.268
"31121",-0.774
"31127",-0.71
"54055",-0.273
"54061",0.257
"42081",4.597
"42107",0.93
"27123",-0.149
"27135",-0.799
"31141",-0.819
"31149",-0.876
"54089",-0.285
"55009",0.606
"42119",0.665
"44003",0.815
"27141",-0.172
"27155",-0.876
"32007",-0.577
"32029",-0.186
"55013",-0.524
"55031",-0.707
"45011",-0.342
"45023",-0.366
"27169",0.653
"28005",-0.605
"33001",8.767
"33005",5.599
"55041",0.072
"55065",0.434
"39105",-0.634
"39143",3.119
"39147",3.237
"28019",-0.599
"28025",-0.599
"34039",0.591
"35001",-0.595
"55071",0.662
"55079",0.513
"39151",0.177
"39153",0.155
"28059",-0.419
"28063",-0.804
"35006",-0.495
"35013",-0.65
"55091",0.166
"55093",0.246
"39165",-0.151
"40001",-0.265
"40005",-0.668
"28065",-0.765
"28125",-0.859
"35028",-0.595
"48439",-0.436
"55101",0.696
"55103",1.089
"40009",-0.876
"40019",-0.75
"40033",-0.855
"28127",-0.782
"28135",-0.632
"53031",2.037
"54087",-0.763
"01063",-0.522
"48487",-0.855
"49041",-0.081
"48395",-0.53
"49013",0.085
"51099",1.396
"56017",-0.649
"01019",-0.47
"40037",-0.514
"40039",-0.775
"28155",-0.355
"29051",-0.394
"50007",6.131
"50013",6.174
"01123",-0.574
"06029",0.499
"40061",-0.618
"40071",-0.792
"29097",0.064
"29107",-0.619
"02090",-0.589
"05013",-0.876
"05099",-0.862
"48331",-0.375
"48335",-0.744
"48345",-0.85
"48353",-0.775
"48363",-0.725
"28107",-0.605
"28113",-0.72
"28117",-0.532
"28145",-0.632
"29039",0.051
"51640",-0.113
"51670",0.058
"51683",0.876
"51735",0.129
"47071",-0.755
"47075",-0.827
"48367",-0.587
"48369",-0.823
"48381",-0.849
"48393",-0.849
"48397",-0.488
"12037",-0.564
"13105",-0.027
"13217",0.338
"29059",0.339
"29063",-0.751
"29065",-0.566
"29075",-0.783
"29079",-0.876
"51750",-0.084
"51840",-0.014
"55003",-0.77
"55017",-0.654
"55019",-0.499
"47083",-0.407
"47095",-0.876
"47099",-0.595
"54053",-0.612
"54077",0.466
"55053",0.372
"29083",-0.651
"29093",-0.62
"29111",-0.876
"29121",-0.876
"55033",-0.444
"55045",0.871
"55047",0.897
"47103",-0.562
"47109",-0.755
"55081",0.743
"55115",0.327
"55135",0.327
"20075",-0.876
"29131",-0.394
"29135",-0.607
"29151",-0.525
"55061",0.461
"55087",0.384
"55097",0.315
"55125",-0.669
"47113",-0.854
"47131",-0.622
"20145",-0.846
"21185",-0.1
"26123",0.151
"26137",-0.198
"28003",-0.755
"29169",-0.566
"29175",-0.753
"29185",0.111
"29205",-0.753
"29211",-0.876
"55129",-0.723
"55131",0.421
"55139",0.606
"55141",1.156
"56007",-0.001
"47137",-0.629
"47161",-0.534
"55137",0.712
"72065",-0.876
"72075",-0.876
"29215",-0.566
"29221",-0.577
"29225",0.243
"30017",-0.75
"56011",-0.836
"56021",-0.213
"56027",-0.792
"56035",-0.082
"56037",-0.394
"01007",-0.664
"47171",0.765
"47179",0.531
"72087",-0.876
"72109",-0.876
"30021",-0.876
"30025",-0.876
"30037",-0.541
"30051",-0.423
"30079",-0.876
"30097",-0.541
"01031",-0.642
"02185",-0.717
"05111",-0.781
"06017",0.046
"08007",-0.704
"08063",-0.799
"08087",-0.076
"47181",-0.753
"48009",-0.855
"48019",-0.646
"72131",-0.876
"06091",0.073
"13007",-0.843
"13247",0.394
"30109",-0.876
"31001",-0.774
"31011",-0.821
"31067",-0.71
"08115",-0.876
"12049",0.127
"13165",-0.631
"42047",0.055
"42117",6.945
"48027",-0.236
"48047",-0.76
"48053",-0.337
"48075",-0.876
"17077",-0.696
"17201",0.101
"19059",-0.876
"31077",-0.774
"31083",-0.708
"31091",-0.876
"31093",-0.774
"31101",-0.876
"42123",0.178
"45037",-0.49
"45085",-0.453
"46007",-0.836
"46013",-0.876
"48077",-0.783
"48081",-0.775
"48085",-0.488
"39103",1.478
"39117",5.45
"39119",0.98
"39127",1.007
"31111",-0.809
"31115",-0.762
"31125",-0.821
"31135",-0.876
"31139",-0.64
"46017",-0.876
"46019",-0.836
"46027",-0.259
"48109",-0.774
"48111",-0.849
"48115",-0.789
"48123",-0.814
"48171",-0.523
"48177",-0.487
"48195",-0.849
"39129",0.049
"39133",0.437
"39157",1.056
"39171",0.351
"31145",-0.809
"31163",-0.708
"31169",-0.735
"31173",-0.547
"46033",-0.836
"46037",-0.876
"46043",-0.876
"46047",-0.792
"48181",-0.537
"40043",-0.718
"40047",-0.664
"40053",-0.792
"27017",-0.707
"27041",-0.784
"31175",-0.708
"31179",-0.547
"31183",-0.876
"32017",-0.307
"32021",-0.251
"34025",0.35
"46051",-0.876
"46065",-0.876
"48197",-0.855
"48205",-0.849
"48209",-0.313
"27059",-0.214
"27065",-0.386
"27083",-0.876
"27093",-0.41
"27099",-0.314
"35005",-0.876
"35009",-0.849
"35015",-0.805
"35035",-0.786
"46071",-0.836
"46079",-0.531
"48219",-0.85
"48233",-0.849
"48247",-0.76
"48249",-0.848
"48253",-0.817
"22113",-0.601
"26053",-0.626
"08071",-0.673
"27113",-0.778
"27117",-0.531
"27121",-0.784
"27131",0.247
"27151",-0.784
"48415",-0.817
"48421",-0.849
"48429",-0.71
"48431",-0.744
"48445",-0.85
"48483",-0.876
"48493",-0.609
"46081",-0.836
"47007",-0.464
"48257",-0.546
"48267",-0.808
"48271",-0.817
"27159",-0.784
"27161",-0.059
"28031",-0.781
"28035",-0.824
"28043",-0.355
"50003",4.979
"50023",6.771
"51013",1.143
"51063",-0.084
"51081",0.493
"51133",1.076
"51147",0.154
"51159",1.276
"51165",-0.159
"47017",-0.625
"47027",-0.876
"47047",-0.583
"48283",-0.814
"48291",-0.61
"48295",-0.876
"48297",-0.814
"48305",-0.85
"28069",-0.577
"28073",-0.769
"28077",-0.765
"28097",-0.355
"28101",-0.832
"51510",1.127
"51530",6.262
"51580",5.958
"51600",1.141
"51620",0.278
"47061",-0.358
"47069",-0.827
"48307",-0.75
"48325",-0.646
"51590",6.239
"54051",-0.056
"28015",-0.599
"50021",7.674
"46069",-0.876
"29043",0.376
"29071",-0.572
"13231",-0.514
"13321",-0.824
"54079",-0.818
"55027",0.524
"55055",0.459
"01127",-0.741
"04019",1.111
"29155",-0.808
"29186",-0.586
"17057",4.917
"17085",1.121
"55083",0.321
"13017",-0.813
"42131",0.682
"05033",-0.432
"05125",-0.808
"33019",8.683
"36083",4.868
"46137",-0.836
"47151",-0.345
"48039",-0.57
"17119",-0.581
"17143",5.096
"41069",0.565
"42109",0.932
"08025",-0.567
"12005",-0.518
"37045",0.782
"37073",-0.09
"18025",-0.463
"18153",-0.478
"46031",-0.876
"46135",-0.295
"13045",-0.3
"13087",-0.737
"37105",0.338
"39015",-0.384
"36085",0.591
"36117",7.132
"47023",-0.854
"47175",-0.545
"13253",-0.737
"16017",-0.203
"39029",0.172
"39145",-0.798
"37079",2.066
"37109",-0.151
"41067",1.773
"45033",-0.229
"16055",-0.245
"17025",-0.815
"41029",1.618
"41041",1.884
"37197",-0.304
"38029",-0.876
"53023",-0.051
"01011",-0.622
"17083",-0.563
"17111",0.29
"41053",1.933
"42025",1.075
"38057",-0.823
"39081",0.26
"01079",-0.66
"13097",-0.228
"29197",-0.656
"30083",-0.876
"34011",0.371
"17169",4.814
"17193",-0.707
"42077",1.027
"46053",-0.876
"39113",0.532
"39141",-0.376
"13155",-0.813
"13281",2.102
"20005",-0.381
"20103",-0.342
"46102",-0.836
"47077",-0.673
"37009",0.493
"37115",1.093
"29087",-0.783
"40051",-0.643
"40109",-0.586
"31017",-0.876
"48505",-0.76
"21091",-0.498
"21233",-0.707
"48147",-0.58
"48159",-0.716
"27025",-0.234
"27079",0.169
"55063",0.346
"72077",-0.876
"22061",-0.849
"26031",-0.44
"41065",0.899
"42103",0.732
"45059",-0.385
"50005",6.78
"51089",6.378
"27111",-0.784
"29045",4.686
"01081",-0.622
"24510",1.213
"49037",-0.583
"51041",-0.086
"13135",0.283
"26105",0.001
"26125",1.692
"08123",-0.032
"13061",-0.843
"29073",-0.353
"29127",-0.876
"31107",-0.64
"13299",-0.726
"17089",0.329
"26151",1.417
"27115",-0.524
"13091",-0.827
"13119",0.549
"31131",-0.628
"49031",-0.263
"17133",-0.587
"36089",1.363
"27143",-0.354
"28027",-0.632
"13147",0.002
"13175",-0.806
"49055",-0.429
"51183",0.205
"38025",-0.823
"40099",-0.75
"28045",-0.588
"29003",-0.633
"46101",-0.531
"46119",-0.876
"47015",-0.47
"48259",-0.523
"02164",-0.717
"12091",-0.377
"13005",-0.846
"35053",-0.547
"38083",-0.823
"39051",3.454
"40077",-0.694
"21037",-0.348
"21161",-0.436
"47111",-0.592
"48137",-0.808
"48153",-0.85
"48169",-0.85
"17117",-0.323
"17139",-0.466
"18047",0.116
"18093",-0.507
"40139",-0.876
"27165",-0.722
"28079",-0.555
"28111",-0.74
"29103",-0.876
"22007",-0.412
"22027",-0.837
"26007",0.886
"26085",0.143
"48217",-0.508
"48255",-0.671
"18105",-0.608
"18117",-0.523
"18137",0.485
"18167",-0.478
"19011",0.69
"29161",-0.566
"29179",-0.744
"29209",0.313
"31079",-0.774
"26139",0.239
"26157",1.558
"48299",-0.408
"55133",0.459
"19065",-0.444
"19121",-0.516
"19151",-0.876
"19179",-0.066
"20031",-0.656
"20081",-0.876
"31159",-0.653
"35019",-0.666
"51690",6.335
"51820",0.187
"13223",-0.246
"27009",-0.317
"27057",-0.876
"27105",-0.531
"27149",-0.784
"72003",-0.876
"72017",-0.876
"72045",-0.876
"20121",-0.414
"20179",-0.846
"21061",-0.777
"23005",6.563
"23029",6.713
"26113",-0.069
"42085",0.429
"46003",-0.876
"46061",-0.295
"48101",-0.876
"48191",-0.876
"48243",-0.774
"48329",-0.815
"28017",-0.355
"28061",-0.814
"28099",-0.555
"28147",-0.702
"29007",-0.717
"48375",-0.849
"48461",-0.773
"49005",0.119
"49053",-0.173
"51065",0.267
"51520",0.263
"26129",0.966
"26161",0.569
"27063",-0.807
"27087",-0.778
"28139",-0.61
"48359",-0.849
"20207",-0.876
"31073",-0.708
"05097",-0.646
"29025",-0.712
"29053",-0.651
"29091",-0.876
"29139",-0.58
"51700",0.397
"53003",-0.09
"29015",-0.657
"29101",-0.619
"29153",-0.562
"29213",0.236
"16011",-0.101
"17035",-0.624
"17101",-0.733
"29181",-0.808
"31013",-0.831
"31027",-0.297
"53039",0.657
"54035",-0.612
"30091",-0.823
"31033",-0.725
"31057",-0.876
"31097",-0.71
"18013",-0.585
"18087",0.297
"18151",0.357
"19031",0.488
"19087",5.784
"31043",-0.24
"31061",-0.708
"31099",-0.708
"55049",1.069
"55095",-0.327
"31105",-0.54
"31129",-0.821
"31157",-0.725
"31185",-0.735
"35041",-0.85
"19155",-0.714
"20019",-0.722
"20079",-0.603
"31143",-0.679
"32005",-0.299
"35025",-0.815
"28123",-0.815
"29115",-0.876
"31063",-0.762
"31181",-0.774
"36037",7.263
"36049",0.553
"38013",-0.823
"38041",-0.876
"20107",-0.617
"20155",-0.804
"21223",0.368
"13131",-0.686
"36005",0.584
"36055",7.295
"37151",0.02
"38079",-0.823
"39023",0.772
"39139",1.359
"38069",-0.823
"39005",1.214
"39059",-0.723
"39075",1.296
"13173",-0.78
"16047",-0.298
"36101",7.168
"37063",0.527
"42015",7.035
"48021",-0.239
"48129",-0.849
"48193",-0.679
"19037",-0.768
"39115",-0.574
"40025",-0.876
"40059",-0.876
"40083",-0.586
"17001",4.742
"17039",-0.481
"17087",-0.67
"37107",2.152
"38031",-0.778
"38075",-0.823
"19123",0.021
"20011",-0.853
"20195",-0.846
"21157",-0.536
"26057",1.546
"13153",-0.752
"46025",-0.876
"46091",-0.876
"46129",-0.876
"48031",-0.313
"48059",-0.817
"17163",-0.587
"38093",-0.854
"39003",4.007
"39063",4.12
"39101",5.328
"18011",-0.478
"18135",-0.489
"39109",0.765
"40015",-0.643
"48117",-0.849
"48237",-0.653
"48265",-0.646
"48293",-0.603
"48465",-0.808
"48503",-0.748
"49039",-0.007
"51083",6.575
"18089",-0.177
"18107",-0.476
"18161",0.187
"19021",-0.84
"39149",0.663
"40011",-0.586
"40049",-0.643
"40097",-0.534
"29055",-0.648
"29137",-0.717
"31165",-0.775
"48463",-0.785
"51595",0.493
"51678",5.941
"53053",0.107
"53069",1.481
"08095",-0.876
"12003",-0.47
"19069",-0.715
"19107",0.002
"19145",-0.858
"19193",-0.604
"41063",-0.185
"42039",0.378
"54009",0.316
"55069",0.089
"46055",-0.836
"47119",-0.447
"48013",-0.81
"48099",-0.484
"17171",-0.481
"17199",-0.67
"18081",-0.476
"18183",-0.371
"20039",-0.876
"20099",-0.762
"20115",-0.55
"20165",-0.846
"42087",0.592
"46021",-0.876
"46067",-0.295
"25019",0.947
"35027",-0.577
"39049",2.139
"39111",-0.098
"16053",-0.368
"17041",-0.49
"17075",-0.345
"50011",6.422
"51187",-0.161
"39173",2.972
"41057",1.853
"18029",0.578
"19005",0.741
"51650",0.129
"54105",-0.647
"46083",-0.295
"46105",-0.836
"48133",-0.71
"36001",4.141
"36035",2.309
"55117",0.921
"05087",-0.432
"47067",-0.618
"48121",-0.436
"48269",-0.876
"48389",-0.815
"37067",-0.439
"39093",1.263
"42057",0.193
"42093",0.605
"48447",-0.797
"48501",-0.82
"50001",7.133
"51660",0.217
"53055",0.954
"27037",0.261
"47011",1.169
"54029",0.269
"54091",0.34
"55035",-0.41
"55099",-0.72
"02198",0.482
"28093",-0.605
"29089",-0.651
"47051",-0.451
"47133",-0.774
"72013",-0.876
"72051",-0.876
"31155",-0.571
"33011",5.331
"48281",-0.57
"55109",-0.316
"72073",-0.876
"72119",-0.876
"21117",0.354
"39087",-0.84
"05035",-0.781
"08045",1.165
"19047",-0.822
"51760",-0.086
"22019",-0.627
"19125",-0.095
"19161",-0.84
"19197",-0.733
"20045",-0.342
"72071",-0.876
"72091",-0.876
"27003",-0.149
"29163",-0.703
"20117",-0.621
"21023",-0.424
"72107",-0.876
"72125",-0.876
"29217",-0.056
"30111",-0.75
"21057",-0.876
"21111",-0.076
"25015",4.448
"01045",-0.718
"01105",-0.633
"31025",-0.571
"31147",-0.783
"26069",1.001
"26111",1.382
"08079",-0.513
"05027",-0.837
"05059",-0.808
"32019",-0.362
"34017",0.513
"12043",0.083
"12085",0.107
"13071",-0.792
"05143",-0.432
"19061",0.891
"36023",6.216
"36087",0.73
"37011",0.984
"13227",-0.34
"13275",-0.686
"13307",-0.813
"21009",-0.8
"21163",-0.465
"37077",0.241
"37135",0.087
"39045",1.315
"13277",-0.762
"17049",-0.815
"18079",0.257
"48141",-0.786
"48289",-0.663
"48413",-0.808
"49015",-0.156
"51036",0.323
"51131",-0.031
"53025",-0.064
"54021",-0.359
"54103",-0.056
"66010",-0.419
"72054",-0.876
"01107",-0.522
"02158",-0.717
"05109",-0.757
"06059",0.531
"06113",0.913
"20171",-0.876
"48287",-0.241
"01043",-0.662
"22115",-0.701
"48433",-0.817
"34009",0.111
"01085",-0.736
"16007",0.149
"21175",-0.703
"36071",0.949
"42049",0.417
"48125",-0.85
"34005",0.317
"55111",1.147
"47085",-0.493
"37029",-0.036
"06105",1.466
"16069",-0.09
"37021",1.904
"19093",-0.84
"27039",-0.08
"28081",-0.632
"29129",-0.876
"31045",-0.792
"21197",-0.498
"08065",1.197
"09011",0.927
"12053",-0.027
"13139",0.602
"13213",1.268
"13279",-0.736
"15009",1.391
"17065",-0.82
"36031",7.156
"37043",2.189
"37099",2.963
"39047",0.054
"27013",-0.158
"27147",0.013
"48341",-0.849
"08033",-0.445
"48417",-0.817
"26013",-0.626
"38055",-0.823
"51171",-0.347
"22097",-0.616
"35023",0.634
"40137",-0.776
"46115",-0.876
"48437",-0.823
"23001",7.088
"30001",-0.208
"30069",-0.75
"35045",-0.704
"51051",-0.692
"51137",0.387
"51730",0.014
"54031",-0.289
"54085",-0.313
"55078",0.321
"56031",-0.584
"42027",0.282
"42095",0.592
"45013",-0.071
"45089",-0.326
"26127",0.227
"26145",1.349
"28119",-0.632
"29095",-0.272
"31049",-0.876
"47141",-0.63
"48001",-0.785
"48063",-0.716
"48187",-0.394
"48273",-0.76
"48405",-0.716
"26003",-0.674
"05119",-0.808
"13241",2.41
"27021",-0.784
"51101",1.436
"01009",-0.662
"08067",-0.704
"21089",-0.774
"22091",-0.509
"27015",-0.629
"31075",-0.876
"35043",-0.495
"37159",-0.178
"45009",-0.264
"47163",0.39
"48409",-0.855
"53011",1.616
"31085",-0.809
"38091",-0.778
"39011",3.845
"41037",1.036
"30035",-0.423
"48435",-0.808
"42023",4.18
"06039",0.014
"13219",-0.007
"21051",-0.602
"26047",-0.532
"42125",0.315
"05085",-0.808
"21063",-0.703
"24039",1.141
"45075",-0.482
"06027",0.256
"48003",-0.815
"27119",-0.778
"36059",0.456
"48065",-0.849
"24027",1.407
"46045",-0.876
"56009",-0.814
"72033",-0.876
"72099",-0.876
"39161",2.758
"51091",-0.584
"20153",-0.876
"20191",-0.792
"21145",-0.717
"17113",-0.392
"17155",-0.261
"18063",-0.318
"37157",-0.08
"37195",0.559
"38073",-0.854
"39055",0.471
"40029",-0.828
"40063",-0.797
"72057",-0.876
"72143",-0.876
"05113",-0.632
"40147",-0.646
"28009",-0.583
"28131",-0.603
"29049",-0.477
"29123",-0.686
"19029",-0.858
"19089",-0.297
"19115",6.005
"19147",-0.876
"19173",-0.858
"29187",-0.586
"29229",-0.459
"30041",-0.656
"31005",-0.876
"31087",-0.809
"20003",-0.624
"20037",-0.056
"20061",-0.545
"20187",-0.876
"31117",-0.809
"01003",-0.323
"01089",-0.474
"02282",-0.589
"05121",-0.808
"06005",0.277
"06067",0.974
"08053",-0.195
"12131",-0.475
"13121",-0.174
"13209",-0.774
"13315",-0.794
"18017",-0.42
"18103",-0.536
"21155",-0.768
"22009",-0.537
"22051",-0.505
"24013",1.437
"28033",-0.605
"21215",-0.666
"22101",-0.585
"23013",6.774
"26019",-0.124
"26045",0.707
"29057",0.051
"34003",0.726
"35011",-0.752
"36045",0.383
"37049",2.051
"37095",2.071
"37165",-0.038
"41033",1.634
"41061",0.284
"42075",1.17
"47001",-0.215
"47173",-0.274
"48073",-0.785
"48199",-0.692
"48317",-0.815
"26077",0.78
"26107",0.076
"51775",6.32
"54069",0.254
"49011",-0.127
"49049",-0.127
"51085",0.04
"51177",0.146
"53017",0.222
"54063",-0.141
"55043",0.955
"72127",-0.876
"05045",-0.808
"06055",1.088
"06097",1.292
"08037",1.404
"21059",-0.707
"21139",-0.717
"22117",-0.564
"12077",-0.707
"36103",0.775
"37053",-0.036
"37091",-0.141
"28001",-0.821
"49057",-0.214
"51031",5.947
"51155",-0.127
"54013",-0.853
"56023",0.103
"41013",0.627
"48095",-0.775
"48319",-0.851
"48357",-0.849
"06043",-0.043
"13019",-0.78
"22015",-0.777
"47135",-0.511
"48351",-0.659
"51005",5.958
"53033",1.01
"48467",-0.595
"54023",-0.175
"48215",-0.76
"51113",0.57
"08069",0.33
"48235",-0.744
"48203",-0.733
"51035",-0.254
"01097",-0.493
"01055",-0.575
"02180",-0.717
"05149",-0.684
"06047",0.494
"08049",1.618
"12127",0.037
"13141",-0.218
"19183",6.291
"27047",-0.245
"46029",-0.876
"50015",6.38
"17007",0.336
"13271",-0.813
"20135",-0.846
"21237",-0.59
"22063",-0.429
"22125",-0.565
"26041",-0.804
"26163",0.676
"27163",-0.234
"30071",-0.876
"36047",0.482
"37039",2.167
"37103",2.092
"38017",-0.778
"41001",0.22
"42029",0.479
"45019",0.033
"45077",0.8
"46123",-0.876
"47073",-0.616
"48011",-0.849
